{"cameraMode":{"drawMode":0,"name":"Shaded","section":"Shading Mode"},"sceneLighting":false,"audioPlay":false,"sceneViewState":{"showFog":true,"showMaterialUpdate":false,"showSkybox":false,"showFlares":true,"showImageEffects":true,"showParticleSystems":true},"in2DMode":false,"pivot":{"x":3.7976460456848146,"y":0.1750158667564392,"z":0.24134087562561036},"rotation":{"x":-0.16678227484226228,"y":0.7668866515159607,"z":-0.21855473518371583,"w":-0.5811111927032471},"size":1.789811611175537,"orthographic":false}