{"cameraMode":{"drawMode":0,"name":"Shaded","section":"Shading Mode"},"sceneLighting":true,"audioPlay":false,"sceneViewState":{"showFog":true,"showMaterialUpdate":false,"showSkybox":true,"showFlares":true,"showImageEffects":true,"showParticleSystems":true},"in2DMode":false,"pivot":{"x":-23.740381240844728,"y":8.750484466552735,"z":26.903162002563478},"rotation":{"x":0.07447532564401627,"y":-0.8405411243438721,"z":0.11954718828201294,"w":0.5232219099998474},"size":6.8903021812438969,"orthographic":false}