{"cameraMode":{"drawMode":0,"name":"Shaded","section":"Shading Mode"},"sceneLighting":true,"audioPlay":false,"sceneViewState":{"showFog":true,"showMaterialUpdate":false,"showSkybox":true,"showFlares":true,"showImageEffects":true,"showParticleSystems":true},"in2DMode":false,"pivot":{"x":354.0086669921875,"y":-4.8119964599609379,"z":135.61053466796876},"rotation":{"x":-0.25730276107788088,"y":-0.5708310604095459,"z":0.19438835978507996,"w":-0.7552330493927002},"size":264.6051940917969,"orthographic":false}