{"cameraMode":{"drawMode":0,"name":"Shaded","section":"Shading Mode"},"sceneLighting":true,"audioPlay":false,"sceneViewState":{"showFog":true,"showMaterialUpdate":false,"showSkybox":true,"showFlares":true,"showImageEffects":true,"showParticleSystems":true},"in2DMode":false,"pivot":{"x":6.855652809143066,"y":-3.259512424468994,"z":-7.180685043334961},"rotation":{"x":0.08097746968269348,"y":0.9212772250175476,"z":-0.2702680826187134,"w":0.2702978849411011},"size":8.7763032913208,"orthographic":false}