{"cameraMode":{"drawMode":0,"name":"Shaded","section":"Shading Mode"},"sceneLighting":false,"audioPlay":false,"sceneViewState":{"showFog":true,"showMaterialUpdate":false,"showSkybox":false,"showFlares":true,"showImageEffects":true,"showParticleSystems":true},"in2DMode":false,"pivot":{"x":11.110748291015625,"y":-2.9776816368103029,"z":1.3420932292938233},"rotation":{"x":0.21283963322639466,"y":0.4904051721096039,"z":-0.12612487375736237,"w":0.8365097045898438},"size":8.77631950378418,"orthographic":false}