{"cameraMode":{"drawMode":0,"name":"Shaded","section":"Shading Mode"},"sceneLighting":true,"audioPlay":false,"sceneViewState":{"showFog":true,"showMaterialUpdate":false,"showSkybox":true,"showFlares":true,"showImageEffects":true,"showParticleSystems":true},"in2DMode":false,"pivot":{"x":278.6097717285156,"y":151.29852294921876,"z":100.0319595336914},"rotation":{"x":0.1556261032819748,"y":-0.6909107565879822,"z":0.15500684082508088,"w":0.6897016167640686},"size":2.018937587738037,"orthographic":false}