{"cameraMode":{"drawMode":0,"name":"Shaded","section":"Shading Mode"},"sceneLighting":true,"audioPlay":false,"sceneViewState":{"showFog":true,"showMaterialUpdate":false,"showSkybox":true,"showFlares":true,"showImageEffects":true,"showParticleSystems":true},"in2DMode":false,"pivot":{"x":165.32351684570313,"y":149.58351135253907,"z":77.55915069580078},"rotation":{"x":0.07167267799377442,"y":0.9184278249740601,"z":-0.19202661514282227,"w":0.34077104926109316},"size":6.890313148498535,"orthographic":false}