{"cameraMode":{"drawMode":0,"name":"Shaded","section":"Shading Mode"},"sceneLighting":true,"audioPlay":false,"sceneViewState":{"showFog":true,"showMaterialUpdate":false,"showSkybox":true,"showFlares":true,"showImageEffects":true,"showParticleSystems":true},"in2DMode":false,"pivot":{"x":-841.4663696289063,"y":-532.3612060546875,"z":3.87753963470459},"rotation":{"x":-0.07323873788118363,"y":0.9117506742477417,"z":-0.3578069508075714,"w":-0.1892460137605667},"size":10.262482643127442,"orthographic":false}