{"cameraMode":{"drawMode":0,"name":"Shaded","section":"Shading Mode"},"sceneLighting":true,"audioPlay":false,"sceneViewState":{"showFog":true,"showMaterialUpdate":false,"showSkybox":true,"showFlares":true,"showImageEffects":true,"showParticleSystems":true},"in2DMode":false,"pivot":{"x":-84.1199951171875,"y":-20.80052947998047,"z":-41.94806671142578},"rotation":{"x":0.257744163274765,"y":-0.4690087139606476,"z":0.14060455560684205,"w":0.8337322473526001},"size":12.608804702758789,"orthographic":false}