{"cameraMode":{"drawMode":0,"name":"Shaded","section":"Shading Mode"},"sceneLighting":false,"audioPlay":false,"sceneViewState":{"showFog":true,"showMaterialUpdate":false,"showSkybox":false,"showFlares":true,"showImageEffects":true,"showParticleSystems":true},"in2DMode":false,"pivot":{"x":0.056595802307128909,"y":0.23025056719779969,"z":0.2257843017578125},"rotation":{"x":0.0007659993134438992,"y":0.9696702361106873,"z":0.002516044769436121,"w":0.24818918108940125},"size":47.048255920410159,"orthographic":false}