{"cameraMode":{"drawMode":0,"name":"Shaded","section":"Shading Mode"},"sceneLighting":true,"audioPlay":false,"sceneViewState":{"showFog":true,"showMaterialUpdate":false,"showSkybox":true,"showFlares":true,"showImageEffects":true,"showParticleSystems":true},"in2DMode":false,"pivot":{"x":333.4841613769531,"y":131.26089477539063,"z":259.82818603515627},"rotation":{"x":-0.022185413166880609,"y":0.8646680116653442,"z":0.035089101642370227,"w":0.5025528073310852},"size":6.890302658081055,"orthographic":false}