{"cameraMode":{"drawMode":0,"name":"Shaded","section":"Shading Mode"},"sceneLighting":true,"audioPlay":false,"sceneViewState":{"showFog":true,"showMaterialUpdate":true,"showSkybox":true,"showFlares":true,"showImageEffects":true,"showParticleSystems":true},"in2DMode":false,"pivot":{"x":140.88119506835938,"y":149.77008056640626,"z":75.12565612792969},"rotation":{"x":0.11935468763113022,"y":-0.23307105898857118,"z":0.029894938692450525,"w":0.9650022983551025},"size":4.923452377319336,"orthographic":false}