{"cameraMode":{"drawMode":0,"name":"Shaded","section":"Shading Mode"},"sceneLighting":false,"audioPlay":false,"sceneViewState":{"showFog":true,"showMaterialUpdate":false,"showSkybox":false,"showFlares":true,"showImageEffects":true,"showParticleSystems":true},"in2DMode":false,"pivot":{"x":-20.478897094726564,"y":9.962165832519532,"z":28.0865478515625},"rotation":{"x":0.08313402533531189,"y":0.5955274701118469,"z":-0.060123443603515628,"w":0.7969047427177429},"size":4.7338433265686039,"orthographic":false}