{"cameraMode":{"drawMode":0,"name":"Shaded","section":"Shading Mode"},"sceneLighting":true,"audioPlay":false,"sceneViewState":{"showFog":true,"showMaterialUpdate":true,"showSkybox":true,"showFlares":true,"showImageEffects":true,"showParticleSystems":true},"in2DMode":false,"pivot":{"x":-65.20195770263672,"y":-9.573697090148926,"z":-49.97095489501953},"rotation":{"x":0.3099042773246765,"y":-0.3350994884967804,"z":0.11754453182220459,"w":0.8820526599884033},"size":7.478764533996582,"orthographic":false}