{"cameraMode":{"drawMode":0,"name":"Shaded","section":"Shading Mode"},"sceneLighting":false,"audioPlay":false,"sceneViewState":{"showFog":true,"showMaterialUpdate":false,"showSkybox":false,"showFlares":true,"showImageEffects":true,"showParticleSystems":true},"in2DMode":false,"pivot":{"x":139.711669921875,"y":150.0984649658203,"z":73.23489379882813},"rotation":{"x":-0.15161098539829255,"y":-0.6436947584152222,"z":0.7392832040786743,"w":-0.13263653218746186},"size":1.8578286170959473,"orthographic":false}