{"cameraMode":{"drawMode":0,"name":"Shaded","section":"Shading Mode"},"sceneLighting":false,"audioPlay":false,"sceneViewState":{"showFog":true,"showMaterialUpdate":false,"showSkybox":false,"showFlares":true,"showImageEffects":true,"showParticleSystems":true},"in2DMode":false,"pivot":{"x":20.964338302612306,"y":5.0884599685668949,"z":16.122922897338868},"rotation":{"x":0.29119831323623659,"y":-0.6329531669616699,"z":0.2860358655452728,"w":0.6583950519561768},"size":37.14640808105469,"orthographic":false}