{"cameraMode":{"drawMode":0,"name":"Shaded","section":"Shading Mode"},"sceneLighting":false,"audioPlay":false,"sceneViewState":{"showFog":true,"showMaterialUpdate":false,"showSkybox":false,"showFlares":true,"showImageEffects":true,"showParticleSystems":true},"in2DMode":false,"pivot":{"x":346.2802429199219,"y":119.83670043945313,"z":256.70159912109377},"rotation":{"x":0.14158499240875245,"y":0.4852173626422882,"z":-0.10869480669498444,"w":0.8576589226722717},"size":14.043208122253418,"orthographic":false}