{"cameraMode":{"drawMode":0,"name":"Shaded","section":"Shading Mode"},"sceneLighting":true,"audioPlay":false,"sceneViewState":{"showFog":true,"showMaterialUpdate":false,"showSkybox":true,"showFlares":true,"showImageEffects":true,"showParticleSystems":true},"in2DMode":false,"pivot":{"x":146.80003356933595,"y":157.08590698242188,"z":83.92975616455078},"rotation":{"x":0.03833360597491264,"y":-0.8799604177474976,"z":0.46914100646972659,"w":0.07182788103818894},"size":3.654810905456543,"orthographic":false}