{"cameraMode":{"drawMode":0,"name":"Shaded","section":"Shading Mode"},"sceneLighting":false,"audioPlay":false,"sceneViewState":{"showFog":true,"showMaterialUpdate":false,"showSkybox":false,"showFlares":true,"showImageEffects":true,"showParticleSystems":true},"in2DMode":false,"pivot":{"x":0.06272108852863312,"y":2.0195188522338869,"z":0.7167368531227112},"rotation":{"x":0.0009749879827722907,"y":0.9730104207992554,"z":-0.23274777829647065,"w":-0.010835004970431328},"size":3.6085762977600099,"orthographic":false}