{"cameraMode":{"drawMode":0,"name":"Shaded","section":"Shading Mode"},"sceneLighting":true,"audioPlay":false,"sceneViewState":{"showFog":true,"showMaterialUpdate":false,"showSkybox":true,"showFlares":true,"showImageEffects":true,"showParticleSystems":true},"in2DMode":false,"pivot":{"x":317.66021728515627,"y":117.31061553955078,"z":232.4228057861328},"rotation":{"x":-0.21361202001571656,"y":0.7176681160926819,"z":-0.24968257546424867,"w":-0.6139913201332092},"size":9.753731727600098,"orthographic":false}