{"cameraMode":{"drawMode":0,"name":"Shaded","section":"Shading Mode"},"sceneLighting":true,"audioPlay":false,"sceneViewState":{"showFog":true,"showMaterialUpdate":false,"showSkybox":true,"showFlares":true,"showImageEffects":true,"showParticleSystems":true},"in2DMode":false,"pivot":{"x":171.13963317871095,"y":148.74778747558595,"z":81.79059600830078},"rotation":{"x":0.03621712327003479,"y":0.5680506825447083,"z":-0.022923799231648446,"w":0.8227554559707642},"size":14.81868839263916,"orthographic":false}