{"cameraMode":{"drawMode":0,"name":"Shaded","section":"Shading Mode"},"sceneLighting":false,"audioPlay":false,"sceneViewState":{"showFog":true,"showMaterialUpdate":false,"showSkybox":false,"showFlares":true,"showImageEffects":true,"showParticleSystems":true},"in2DMode":false,"pivot":{"x":-157.73699951171876,"y":-74.67499542236328,"z":-43.722164154052737},"rotation":{"x":-0.5081310868263245,"y":0.26360824704170229,"z":-0.1713632494211197,"w":-0.8022295832633972},"size":8.16112995147705,"orthographic":false}