{"cameraMode":{"drawMode":0,"name":"Shaded","section":"Shading Mode"},"sceneLighting":true,"audioPlay":false,"sceneViewState":{"showFog":true,"showMaterialUpdate":false,"showSkybox":false,"showFlares":true,"showImageEffects":true,"showParticleSystems":true},"in2DMode":false,"pivot":{"x":2.765972137451172,"y":-0.30211925506591799,"z":-12.955322265625},"rotation":{"x":-0.0663299486041069,"y":0.9075741171836853,"z":-0.16232608258724214,"w":-0.3815438151359558},"size":40.010372161865237,"orthographic":false}