{"cameraMode":{"drawMode":0,"name":"Shaded","section":"Shading Mode"},"sceneLighting":true,"audioPlay":false,"sceneViewState":{"showFog":true,"showMaterialUpdate":false,"showSkybox":true,"showFlares":true,"showImageEffects":true,"showParticleSystems":true},"in2DMode":false,"pivot":{"x":135.88255310058595,"y":127.37846374511719,"z":261.2001037597656},"rotation":{"x":-0.05966160073876381,"y":0.06215459853410721,"z":-0.00375403743237257,"w":-0.9963929057121277},"size":188.88987731933595,"orthographic":false}