{"cameraMode":{"drawMode":0,"name":"Shaded","section":"Shading Mode"},"sceneLighting":false,"audioPlay":false,"sceneViewState":{"showFog":true,"showMaterialUpdate":false,"showSkybox":false,"showFlares":true,"showImageEffects":true,"showParticleSystems":true},"in2DMode":false,"pivot":{"x":157.68496704101563,"y":145.29995727539063,"z":77.58261108398438},"rotation":{"x":0.08914405852556229,"y":0.5996742248535156,"z":-0.06724640727043152,"w":0.7933811545372009},"size":21.91098976135254,"orthographic":false}