{"cameraMode":{"drawMode":0,"name":"Shaded","section":"Shading Mode"},"sceneLighting":false,"audioPlay":false,"sceneViewState":{"showFog":true,"showMaterialUpdate":false,"showSkybox":false,"showFlares":true,"showImageEffects":true,"showParticleSystems":true},"in2DMode":false,"pivot":{"x":-20.149110794067384,"y":10.678091049194336,"z":28.631511688232423},"rotation":{"x":0.050070248544216159,"y":0.9067634344100952,"z":-0.10794097930192948,"w":0.40453794598579409},"size":1.2470872402191163,"orthographic":false}