{"cameraMode":{"drawMode":0,"name":"Shaded","section":"Shading Mode"},"sceneLighting":false,"audioPlay":false,"sceneViewState":{"showFog":true,"showMaterialUpdate":false,"showSkybox":false,"showFlares":true,"showImageEffects":true,"showParticleSystems":true},"in2DMode":false,"pivot":{"x":-132.77000427246095,"y":-82.8466796875,"z":-79.584716796875},"rotation":{"x":0.08838658034801483,"y":-0.8991771340370178,"z":0.21468593180179597,"w":0.3710307776927948},"size":71.9882583618164,"orthographic":false}