{"cameraMode":{"drawMode":0,"name":"Shaded","section":"Shading Mode"},"sceneLighting":false,"audioPlay":false,"sceneViewState":{"showFog":true,"showMaterialUpdate":false,"showSkybox":false,"showFlares":true,"showImageEffects":true,"showParticleSystems":true},"in2DMode":false,"pivot":{"x":154.61700439453126,"y":156.68800354003907,"z":72.94400024414063},"rotation":{"x":0.06445124000310898,"y":0.7140395045280457,"z":-0.06377414613962174,"w":0.6945831775665283},"size":4.799228668212891,"orthographic":false}