{"cameraMode":{"drawMode":0,"name":"Shaded","section":"Shading Mode"},"sceneLighting":true,"audioPlay":false,"sceneViewState":{"showFog":true,"showMaterialUpdate":false,"showSkybox":true,"showFlares":true,"showImageEffects":true,"showParticleSystems":true},"in2DMode":false,"pivot":{"x":213.58706665039063,"y":152.83413696289063,"z":187.608642578125},"rotation":{"x":-0.1877834051847458,"y":0.5758246183395386,"z":-0.13982632756233216,"w":-0.783643364906311},"size":37.78409194946289,"orthographic":false}