{"cameraMode":{"drawMode":0,"name":"Shaded","section":"Shading Mode"},"sceneLighting":true,"audioPlay":false,"sceneViewState":{"showFog":true,"showMaterialUpdate":true,"showSkybox":true,"showFlares":true,"showImageEffects":true,"showParticleSystems":true},"in2DMode":false,"pivot":{"x":359.5158996582031,"y":119.53641510009766,"z":229.90626525878907},"rotation":{"x":-0.035223934799432757,"y":-0.9508885145187378,"z":0.11784889549016953,"w":-0.28416192531585696},"size":12.317614555358887,"orthographic":false}