{"cameraMode":{"drawMode":0,"name":"Shaded","section":"Shading Mode"},"sceneLighting":true,"audioPlay":false,"sceneViewState":{"showFog":true,"showMaterialUpdate":false,"showSkybox":true,"showFlares":true,"showImageEffects":true,"showParticleSystems":true},"in2DMode":false,"pivot":{"x":5.616700649261475,"y":0.12436389923095703,"z":-3.6644673347473146},"rotation":{"x":-0.0008940701372921467,"y":0.9968640208244324,"z":-0.06971657276153565,"w":-0.03767918050289154},"size":8.7763032913208,"orthographic":false}