{"cameraMode":{"drawMode":0,"name":"Shaded","section":"Shading Mode"},"sceneLighting":false,"audioPlay":false,"sceneViewState":{"showFog":true,"showMaterialUpdate":true,"showSkybox":false,"showFlares":true,"showImageEffects":true,"showParticleSystems":true},"in2DMode":false,"pivot":{"x":318.3671875,"y":125.97954559326172,"z":264.3522033691406},"rotation":{"x":0.051743295043706897,"y":-0.9464251399040222,"z":0.2605600655078888,"w":0.18491846323013307},"size":37.49964141845703,"orthographic":false}