{"cameraMode":{"drawMode":0,"name":"Shaded","section":"Shading Mode"},"sceneLighting":true,"audioPlay":false,"sceneViewState":{"showFog":true,"showMaterialUpdate":true,"showSkybox":true,"showFlares":true,"showImageEffects":true,"showParticleSystems":true},"in2DMode":false,"pivot":{"x":-2.337803363800049,"y":-3.670715570449829,"z":52.716434478759769},"rotation":{"x":0.36392897367477419,"y":-0.46276184916496279,"z":0.21577003598213197,"w":0.7791152000427246},"size":10.413199424743653,"orthographic":false}