{"cameraMode":{"drawMode":0,"name":"Shaded","section":"Shading Mode"},"sceneLighting":false,"audioPlay":false,"sceneViewState":{"showFog":true,"showMaterialUpdate":false,"showSkybox":false,"showFlares":true,"showImageEffects":true,"showParticleSystems":true},"in2DMode":false,"pivot":{"x":-105.16156005859375,"y":-38.87649917602539,"z":-48.86058044433594},"rotation":{"x":-0.5081310868263245,"y":0.26360824704170229,"z":-0.1713632494211197,"w":-0.8022295832633972},"size":6.75048828125,"orthographic":false}