{"cameraMode":{"drawMode":0,"name":"Shaded","section":"Shading Mode"},"sceneLighting":false,"audioPlay":false,"sceneViewState":{"showFog":true,"showMaterialUpdate":false,"showSkybox":false,"showFlares":true,"showImageEffects":true,"showParticleSystems":true},"in2DMode":false,"pivot":{"x":-122.62344360351563,"y":-51.10793685913086,"z":-44.54630661010742},"rotation":{"x":-0.4516885280609131,"y":0.28079652786254885,"z":-0.15662477910518647,"w":-0.8325990438461304},"size":6.399751663208008,"orthographic":false}