{"cameraMode":{"drawMode":0,"name":"Shaded","section":"Shading Mode"},"sceneLighting":true,"audioPlay":false,"sceneViewState":{"showFog":true,"showMaterialUpdate":false,"showSkybox":true,"showFlares":true,"showImageEffects":true,"showParticleSystems":true},"in2DMode":false,"pivot":{"x":335.3577880859375,"y":136.848876953125,"z":285.5709228515625},"rotation":{"x":-0.04937425255775452,"y":-0.9308720827102661,"z":0.17000527679920197,"w":-0.32322609424591067},"size":6.890302658081055,"orthographic":false}