{"cameraMode":{"drawMode":0,"name":"Shaded","section":"Shading Mode"},"sceneLighting":true,"audioPlay":false,"sceneViewState":{"showFog":true,"showMaterialUpdate":false,"showSkybox":true,"showFlares":true,"showImageEffects":true,"showParticleSystems":true},"in2DMode":false,"pivot":{"x":-21.941669464111329,"y":9.591667175292969,"z":31.84273910522461},"rotation":{"x":0.028701424598693849,"y":0.8904669284820557,"z":-0.056385673582553866,"w":0.4507712721824646},"size":6.8903021812438969,"orthographic":false}