{"cameraMode":{"drawMode":0,"name":"Shaded","section":"Shading Mode"},"sceneLighting":false,"audioPlay":false,"sceneViewState":{"showFog":true,"showMaterialUpdate":false,"showSkybox":false,"showFlares":true,"showImageEffects":true,"showParticleSystems":true},"in2DMode":false,"pivot":{"x":281.06207275390627,"y":149.84669494628907,"z":107.92301940917969},"rotation":{"x":0.01667771302163601,"y":-0.03301607817411423,"z":-0.002346902387216687,"w":-0.9993775486946106},"size":46.199920654296878,"orthographic":false}