{"cameraMode":{"drawMode":0,"name":"Shaded","section":"Shading Mode"},"sceneLighting":false,"audioPlay":false,"sceneViewState":{"showFog":true,"showMaterialUpdate":true,"showSkybox":false,"showFlares":true,"showImageEffects":true,"showParticleSystems":true},"in2DMode":false,"pivot":{"x":7.539284706115723,"y":-0.7912213802337647,"z":14.194661140441895},"rotation":{"x":0.007105691358447075,"y":-0.9929070472717285,"z":0.08691046386957169,"w":0.08121028542518616},"size":2.3354926109313967,"orthographic":false}