{"cameraMode":{"drawMode":0,"name":"Shaded","section":"Shading Mode"},"sceneLighting":false,"audioPlay":false,"sceneViewState":{"showFog":true,"showMaterialUpdate":false,"showSkybox":false,"showFlares":true,"showImageEffects":true,"showParticleSystems":true},"in2DMode":false,"pivot":{"x":-20.478897094726564,"y":9.962165832519532,"z":28.0865478515625},"rotation":{"x":0.12178125977516175,"y":0.5977442264556885,"z":-0.09044131636619568,"w":0.7873557209968567},"size":4.7338433265686039,"orthographic":false}