{"cameraMode":{"drawMode":0,"name":"Shaded","section":"Shading Mode"},"sceneLighting":false,"audioPlay":false,"sceneViewState":{"showFog":true,"showMaterialUpdate":false,"showSkybox":false,"showFlares":true,"showImageEffects":true,"showParticleSystems":true},"in2DMode":false,"pivot":{"x":-177.87820434570313,"y":-106.29103088378906,"z":-99.92374420166016},"rotation":{"x":0.054572198539972308,"y":-0.9437835216522217,"z":0.20149967074394227,"w":0.2564748227596283},"size":71.9882583618164,"orthographic":false}