{"cameraMode":{"drawMode":0,"name":"Shaded","section":"Shading Mode"},"sceneLighting":true,"audioPlay":false,"sceneViewState":{"showFog":true,"showMaterialUpdate":false,"showSkybox":true,"showFlares":true,"showImageEffects":true,"showParticleSystems":true},"in2DMode":false,"pivot":{"x":-64.33758544921875,"y":-12.219923973083496,"z":-47.062435150146487},"rotation":{"x":0.2844521403312683,"y":-0.6431080102920532,"z":0.286980003118515,"w":0.6510496139526367},"size":7.88051700592041,"orthographic":false}