{"cameraMode":{"drawMode":0,"name":"Shaded","section":"Shading Mode"},"sceneLighting":true,"audioPlay":false,"sceneViewState":{"showFog":true,"showMaterialUpdate":false,"showSkybox":true,"showFlares":true,"showImageEffects":true,"showParticleSystems":true},"in2DMode":false,"pivot":{"x":100.78890991210938,"y":-81.39390563964844,"z":246.48680114746095},"rotation":{"x":0.3182339370250702,"y":0.05003858730196953,"z":-0.018753575161099435,"w":0.9469353556632996},"size":181.7688751220703,"orthographic":false}