{"cameraMode":{"drawMode":0,"name":"Shaded","section":"Shading Mode"},"sceneLighting":true,"audioPlay":false,"sceneViewState":{"showFog":true,"showMaterialUpdate":false,"showSkybox":true,"showFlares":true,"showImageEffects":true,"showParticleSystems":true},"in2DMode":false,"pivot":{"x":329.6181945800781,"y":159.05201721191407,"z":185.31039428710938},"rotation":{"x":0.13768023252487184,"y":-0.7811179757118225,"z":0.1894606053829193,"w":0.5797410011291504},"size":3.8957178592681886,"orthographic":false}