{"cameraMode":{"drawMode":0,"name":"Shaded","section":"Shading Mode"},"sceneLighting":false,"audioPlay":false,"sceneViewState":{"showFog":true,"showMaterialUpdate":false,"showSkybox":false,"showFlares":true,"showImageEffects":true,"showParticleSystems":true},"in2DMode":false,"pivot":{"x":-39.928794860839847,"y":8.927130699157715,"z":-90.16492462158203},"rotation":{"x":0.300682932138443,"y":-0.38062584400177,"z":0.1325821429491043,"w":0.864508867263794},"size":2.8578836917877199,"orthographic":false}