{"cameraMode":{"drawMode":0,"name":"Shaded","section":"Shading Mode"},"sceneLighting":false,"audioPlay":false,"sceneViewState":{"showFog":true,"showMaterialUpdate":false,"showSkybox":false,"showFlares":true,"showImageEffects":true,"showParticleSystems":true},"in2DMode":false,"pivot":{"x":145.28091430664063,"y":147.38836669921876,"z":56.54432678222656},"rotation":{"x":0.006286672316491604,"y":0.9903485178947449,"z":-0.05144784599542618,"w":0.13413892686367036},"size":22.0,"orthographic":false}