{"cameraMode":{"drawMode":0,"name":"Shaded","section":"Shading Mode"},"sceneLighting":false,"audioPlay":false,"sceneViewState":{"showFog":true,"showMaterialUpdate":false,"showSkybox":false,"showFlares":true,"showImageEffects":true,"showParticleSystems":true},"in2DMode":false,"pivot":{"x":-153.98837280273438,"y":-68.47834014892578,"z":-42.647029876708987},"rotation":{"x":-0.42016008496284487,"y":0.4479407072067261,"z":-0.2516587972640991,"w":-0.7480315566062927},"size":13.53775405883789,"orthographic":false}