{"cameraMode":{"drawMode":0,"name":"Shaded","section":"Shading Mode"},"sceneLighting":false,"audioPlay":false,"sceneViewState":{"showFog":true,"showMaterialUpdate":false,"showSkybox":false,"showFlares":true,"showImageEffects":true,"showParticleSystems":true},"in2DMode":false,"pivot":{"x":1.1096436977386475,"y":0.32161688804626467,"z":-14.478105545043946},"rotation":{"x":-0.08409836143255234,"y":0.8970752954483032,"z":-0.19958779215812684,"w":-0.3857698440551758},"size":9.54193115234375,"orthographic":false}