{"cameraMode":{"drawMode":0,"name":"Shaded","section":"Shading Mode"},"sceneLighting":true,"audioPlay":false,"sceneViewState":{"showFog":true,"showMaterialUpdate":false,"showSkybox":true,"showFlares":true,"showImageEffects":true,"showParticleSystems":true},"in2DMode":false,"pivot":{"x":359.17083740234377,"y":121.12744903564453,"z":234.16476440429688},"rotation":{"x":-0.05546104535460472,"y":-0.8248133063316345,"z":0.08218774199485779,"w":-0.5567032694816589},"size":11.835073471069336,"orthographic":false}