{"cameraMode":{"drawMode":0,"name":"Shaded","section":"Shading Mode"},"sceneLighting":true,"audioPlay":false,"sceneViewState":{"showFog":true,"showMaterialUpdate":false,"showSkybox":true,"showFlares":true,"showImageEffects":true,"showParticleSystems":true},"in2DMode":false,"pivot":{"x":-53.997825622558597,"y":0.9069708585739136,"z":-54.94731140136719},"rotation":{"x":-0.2512684166431427,"y":0.7225823402404785,"z":-0.3284839391708374,"w":-0.5542735457420349},"size":7.928084850311279,"orthographic":false}