{"cameraMode":{"drawMode":0,"name":"Shaded","section":"Shading Mode"},"sceneLighting":false,"audioPlay":false,"sceneViewState":{"showFog":true,"showMaterialUpdate":false,"showSkybox":false,"showFlares":true,"showImageEffects":true,"showParticleSystems":true},"in2DMode":false,"pivot":{"x":-4.442922592163086,"y":-2.387491226196289,"z":-19.355928421020509},"rotation":{"x":-0.0704827755689621,"y":0.9006405472755432,"z":-0.16382592916488648,"w":-0.39687517285346987},"size":15.101057052612305,"orthographic":false}