{"cameraMode":{"drawMode":0,"name":"Shaded","section":"Shading Mode"},"sceneLighting":true,"audioPlay":false,"sceneViewState":{"showFog":true,"showMaterialUpdate":false,"showSkybox":true,"showFlares":true,"showImageEffects":true,"showParticleSystems":true},"in2DMode":false,"pivot":{"x":-919.5672607421875,"y":-683.4398193359375,"z":-12.375456809997559},"rotation":{"x":0.09930435568094254,"y":-0.8154875636100769,"z":0.13931110501289369,"w":0.5540759563446045},"size":27.356901168823243,"orthographic":false}