{"cameraMode":{"drawMode":0,"name":"Shaded","section":"Shading Mode"},"sceneLighting":true,"audioPlay":false,"sceneViewState":{"showFog":true,"showMaterialUpdate":false,"showSkybox":true,"showFlares":true,"showImageEffects":true,"showParticleSystems":true},"in2DMode":false,"pivot":{"x":224.6949920654297,"y":149.09828186035157,"z":172.11863708496095},"rotation":{"x":0.002230710117146373,"y":-0.7609021067619324,"z":0.005660142749547958,"w":0.6490397453308106},"size":22.563852310180665,"orthographic":false}