{"cameraMode":{"drawMode":0,"name":"Shaded","section":"Shading Mode"},"sceneLighting":false,"audioPlay":false,"sceneViewState":{"showFog":true,"showMaterialUpdate":false,"showSkybox":false,"showFlares":true,"showImageEffects":true,"showParticleSystems":true},"in2DMode":false,"pivot":{"x":5.923382759094238,"y":0.3193213939666748,"z":-1.4298903942108155},"rotation":{"x":-0.26067060232162478,"y":0.19797390699386598,"z":-0.05418865382671356,"w":-0.9440599679946899},"size":6.630953788757324,"orthographic":false}