{"cameraMode":{"drawMode":0,"name":"Shaded","section":"Shading Mode"},"sceneLighting":false,"audioPlay":false,"sceneViewState":{"showFog":true,"showMaterialUpdate":true,"showSkybox":false,"showFlares":true,"showImageEffects":true,"showParticleSystems":true},"in2DMode":false,"pivot":{"x":24.786880493164064,"y":-10.930366516113282,"z":-78.19644165039063},"rotation":{"x":-0.09898222982883454,"y":0.8889691233634949,"z":-0.22917933762073518,"w":-0.38394424319267275},"size":14.898543357849121,"orthographic":false}