{"cameraMode":{"drawMode":0,"name":"Shaded","section":"Shading Mode"},"sceneLighting":true,"audioPlay":false,"sceneViewState":{"showFog":true,"showMaterialUpdate":true,"showSkybox":true,"showFlares":true,"showImageEffects":true,"showParticleSystems":true},"in2DMode":false,"pivot":{"x":320.1437072753906,"y":123.33550262451172,"z":255.8203125},"rotation":{"x":-0.09898222982883454,"y":0.8889691233634949,"z":-0.22917933762073518,"w":-0.38394424319267275},"size":6.37138032913208,"orthographic":false}