{"cameraMode":{"drawMode":0,"name":"Shaded","section":"Shading Mode"},"sceneLighting":false,"audioPlay":false,"sceneViewState":{"showFog":true,"showMaterialUpdate":false,"showSkybox":false,"showFlares":true,"showImageEffects":true,"showParticleSystems":true},"in2DMode":false,"pivot":{"x":-923.5206909179688,"y":-682.0746459960938,"z":-13.397561073303223},"rotation":{"x":0.1839340776205063,"y":-0.04868151247501373,"z":0.014300479553639889,"w":0.9828011393547058},"size":5.197710037231445,"orthographic":false}