{"cameraMode":{"drawMode":0,"name":"Shaded","section":"Shading Mode"},"sceneLighting":false,"audioPlay":false,"sceneViewState":{"showFog":true,"showMaterialUpdate":false,"showSkybox":false,"showFlares":true,"showImageEffects":true,"showParticleSystems":true},"in2DMode":false,"pivot":{"x":-8.020103454589844,"y":-2.7597742080688478,"z":-4.821728706359863},"rotation":{"x":-0.11213333159685135,"y":0.8275494575500488,"z":-0.1853903830051422,"w":-0.5189002156257629},"size":13.805561065673829,"orthographic":false}