{"cameraMode":{"drawMode":0,"name":"Shaded","section":"Shading Mode"},"sceneLighting":true,"audioPlay":false,"sceneViewState":{"showFog":true,"showMaterialUpdate":true,"showSkybox":true,"showFlares":true,"showImageEffects":true,"showParticleSystems":true},"in2DMode":false,"pivot":{"x":320.4386901855469,"y":120.98777770996094,"z":232.62301635742188},"rotation":{"x":-0.02470332942903042,"y":0.9750338196754456,"z":-0.1671801060438156,"w":-0.14407174289226533},"size":10.413165092468262,"orthographic":false}