{"cameraMode":{"drawMode":0,"name":"Shaded","section":"Shading Mode"},"sceneLighting":false,"audioPlay":false,"sceneViewState":{"showFog":true,"showMaterialUpdate":false,"showSkybox":false,"showFlares":true,"showImageEffects":true,"showParticleSystems":true},"in2DMode":false,"pivot":{"x":138.74166870117188,"y":149.21519470214845,"z":73.3625259399414},"rotation":{"x":-0.026671629399061204,"y":-0.9581977725028992,"z":0.0976414680480957,"w":-0.27048516273498537},"size":1.780247688293457,"orthographic":false}