{"cameraMode":{"drawMode":0,"name":"Shaded","section":"Shading Mode"},"sceneLighting":true,"audioPlay":false,"sceneViewState":{"showFog":true,"showMaterialUpdate":false,"showSkybox":true,"showFlares":true,"showImageEffects":true,"showParticleSystems":true},"in2DMode":false,"pivot":{"x":4.497126579284668,"y":0.2958505153656006,"z":-2.911428928375244},"rotation":{"x":-0.007432612590491772,"y":0.9794237613677979,"z":-0.20045174658298493,"w":-0.043572794646024707},"size":8.7763032913208,"orthographic":false}