{"cameraMode":{"drawMode":0,"name":"Shaded","section":"Shading Mode"},"sceneLighting":false,"audioPlay":false,"sceneViewState":{"showFog":true,"showMaterialUpdate":true,"showSkybox":false,"showFlares":true,"showImageEffects":true,"showParticleSystems":true},"in2DMode":false,"pivot":{"x":-8.186120986938477,"y":8.044706344604493,"z":14.762154579162598},"rotation":{"x":0.07282630354166031,"y":-0.9222863912582398,"z":0.31759002804756167,"w":0.20905840396881104},"size":37.49965286254883,"orthographic":false}