{"cameraMode":{"drawMode":0,"name":"Shaded","section":"Shading Mode"},"sceneLighting":false,"audioPlay":false,"sceneViewState":{"showFog":true,"showMaterialUpdate":false,"showSkybox":false,"showFlares":true,"showImageEffects":true,"showParticleSystems":true},"in2DMode":false,"pivot":{"x":312.600830078125,"y":148.31741333007813,"z":185.85179138183595},"rotation":{"x":0.1553325355052948,"y":0.3432280421257019,"z":-0.05579250678420067,"w":0.9249178171157837},"size":3.607172966003418,"orthographic":false}