{"cameraMode":{"drawMode":0,"name":"Shaded","section":"Shading Mode"},"sceneLighting":false,"audioPlay":false,"sceneViewState":{"showFog":true,"showMaterialUpdate":false,"showSkybox":false,"showFlares":true,"showImageEffects":true,"showParticleSystems":true},"in2DMode":false,"pivot":{"x":-73.441162109375,"y":-19.89109230041504,"z":-49.0106201171875},"rotation":{"x":-0.19442446529865266,"y":0.7689081430435181,"z":-0.28922563791275027,"w":-0.5367671847343445},"size":4.734643459320068,"orthographic":false}