{"cameraMode":{"drawMode":0,"name":"Shaded","section":"Shading Mode"},"sceneLighting":true,"audioPlay":false,"sceneViewState":{"showFog":true,"showMaterialUpdate":true,"showSkybox":true,"showFlares":true,"showImageEffects":true,"showParticleSystems":true},"in2DMode":false,"pivot":{"x":-909.4022827148438,"y":-678.875,"z":4.258415222167969},"rotation":{"x":0.07126491516828537,"y":0.8795549869537354,"z":-0.14178335666656495,"w":0.4492240846157074},"size":2.8578836917877199,"orthographic":false}