{"cameraMode":{"drawMode":0,"name":"Shaded","section":"Shading Mode"},"sceneLighting":false,"audioPlay":false,"sceneViewState":{"showFog":true,"showMaterialUpdate":false,"showSkybox":false,"showFlares":true,"showImageEffects":true,"showParticleSystems":true},"in2DMode":false,"pivot":{"x":316.10760498046877,"y":120.22955322265625,"z":249.86439514160157},"rotation":{"x":-0.2236335724592209,"y":0.4913330674171448,"z":-0.10142550617456436,"w":-0.8373653292655945},"size":5.7327165603637699,"orthographic":false}