{"cameraMode":{"drawMode":0,"name":"Shaded","section":"Shading Mode"},"sceneLighting":true,"audioPlay":false,"sceneViewState":{"showFog":true,"showMaterialUpdate":false,"showSkybox":true,"showFlares":true,"showImageEffects":true,"showParticleSystems":true},"in2DMode":false,"pivot":{"x":216.4264373779297,"y":143.81826782226563,"z":74.22335052490235},"rotation":{"x":0.06838200986385346,"y":0.7552680373191834,"z":-0.07983264327049256,"w":0.6469459533691406},"size":22.31862449645996,"orthographic":false}