{"cameraMode":{"drawMode":0,"name":"Shaded","section":"Shading Mode"},"sceneLighting":false,"audioPlay":false,"sceneViewState":{"showFog":true,"showMaterialUpdate":false,"showSkybox":false,"showFlares":true,"showImageEffects":true,"showParticleSystems":true},"in2DMode":false,"pivot":{"x":0.0009016990661621094,"y":-0.011737823486328125,"z":-0.00003814697265625},"rotation":{"x":-0.08409836143255234,"y":0.8970752954483032,"z":-0.19958779215812684,"w":-0.3857698440551758},"size":11.269828796386719,"orthographic":false}