{"cameraMode":{"drawMode":0,"name":"Shaded","section":"Shading Mode"},"sceneLighting":true,"audioPlay":false,"sceneViewState":{"showFog":true,"showMaterialUpdate":false,"showSkybox":true,"showFlares":true,"showImageEffects":true,"showParticleSystems":true},"in2DMode":false,"pivot":{"x":11.167572021484375,"y":-57.354496002197269,"z":-167.9897918701172},"rotation":{"x":0.0038347390946000816,"y":0.9852489233016968,"z":-0.1705370843410492,"w":0.03604787588119507},"size":189.17994689941407,"orthographic":false}