{"cameraMode":{"drawMode":0,"name":"Shaded","section":"Shading Mode"},"sceneLighting":true,"audioPlay":false,"sceneViewState":{"showFog":true,"showMaterialUpdate":false,"showSkybox":true,"showFlares":true,"showImageEffects":true,"showParticleSystems":true},"in2DMode":false,"pivot":{"x":322.9614562988281,"y":125.09163665771485,"z":255.07655334472657},"rotation":{"x":0.0022257224190980198,"y":0.5641788244247437,"z":0.0015131252584978939,"w":-0.825696587562561},"size":6.294842720031738,"orthographic":false}