{"cameraMode":{"drawMode":0,"name":"Shaded","section":"Shading Mode"},"sceneLighting":false,"audioPlay":false,"sceneViewState":{"showFog":true,"showMaterialUpdate":false,"showSkybox":false,"showFlares":true,"showImageEffects":true,"showParticleSystems":true},"in2DMode":false,"pivot":{"x":157.63601684570313,"y":144.34230041503907,"z":66.66072845458985},"rotation":{"x":0.0826503336429596,"y":0.7809979915618897,"z":-0.10548737645149231,"w":0.611240565776825},"size":21.91098976135254,"orthographic":false}