{"cameraMode":{"drawMode":0,"name":"Shaded","section":"Shading Mode"},"sceneLighting":false,"audioPlay":false,"sceneViewState":{"showFog":true,"showMaterialUpdate":false,"showSkybox":false,"showFlares":true,"showImageEffects":true,"showParticleSystems":true},"in2DMode":false,"pivot":{"x":-73.09254455566406,"y":-19.280071258544923,"z":-48.5539665222168},"rotation":{"x":-0.25512218475341799,"y":0.691599428653717,"z":-0.30085915327072146,"w":-0.6057050228118897},"size":4.734643459320068,"orthographic":false}