{"cameraMode":{"drawMode":0,"name":"Shaded","section":"Shading Mode"},"sceneLighting":true,"audioPlay":false,"sceneViewState":{"showFog":true,"showMaterialUpdate":false,"showSkybox":true,"showFlares":true,"showImageEffects":true,"showParticleSystems":true},"in2DMode":false,"pivot":{"x":595.2406005859375,"y":309.92388916015627,"z":-135.32752990722657},"rotation":{"x":-0.03903229534626007,"y":-0.956455647945404,"z":0.2465863674879074,"w":-0.15161541104316712},"size":723.9786376953125,"orthographic":false}