{"cameraMode":{"drawMode":0,"name":"Shaded","section":"Shading Mode"},"sceneLighting":true,"audioPlay":false,"sceneViewState":{"showFog":true,"showMaterialUpdate":true,"showSkybox":true,"showFlares":true,"showImageEffects":true,"showParticleSystems":true},"in2DMode":false,"pivot":{"x":378.5468444824219,"y":136.44085693359376,"z":267.1690979003906},"rotation":{"x":0.007105691358447075,"y":-0.9929070472717285,"z":0.08691046386957169,"w":0.08121028542518616},"size":12.898025512695313,"orthographic":false}