{"cameraMode":{"drawMode":0,"name":"Shaded","section":"Shading Mode"},"sceneLighting":true,"audioPlay":false,"sceneViewState":{"showFog":true,"showMaterialUpdate":false,"showSkybox":true,"showFlares":true,"showImageEffects":true,"showParticleSystems":true},"in2DMode":false,"pivot":{"x":-927.3072509765625,"y":-683.5999755859375,"z":-20.65365982055664},"rotation":{"x":0.09337349981069565,"y":-0.904181718826294,"z":0.27494385838508608,"w":0.31678706407546999},"size":20.13274574279785,"orthographic":false}