{"cameraMode":{"drawMode":0,"name":"Shaded","section":"Shading Mode"},"sceneLighting":true,"audioPlay":false,"sceneViewState":{"showFog":true,"showMaterialUpdate":false,"showSkybox":false,"showFlares":true,"showImageEffects":true,"showParticleSystems":true},"in2DMode":false,"pivot":{"x":2.8924505710601808,"y":-1.0680859088897706,"z":-12.05092716217041},"rotation":{"x":-0.19072970747947694,"y":-0.03596828132867813,"z":0.008709664456546307,"w":-0.9814719557762146},"size":1.849609375,"orthographic":false}