{"cameraMode":{"drawMode":0,"name":"Shaded","section":"Shading Mode"},"sceneLighting":true,"audioPlay":false,"sceneViewState":{"showFog":true,"showMaterialUpdate":false,"showSkybox":true,"showFlares":true,"showImageEffects":true,"showParticleSystems":true},"in2DMode":false,"pivot":{"x":24.358386993408204,"y":3.2203409671783449,"z":11.73773193359375},"rotation":{"x":-0.03371671959757805,"y":0.41405758261680605,"z":0.012945219874382019,"w":0.9108568429946899},"size":23.858558654785158,"orthographic":false}