{"cameraMode":{"drawMode":0,"name":"Shaded","section":"Shading Mode"},"sceneLighting":false,"audioPlay":false,"sceneViewState":{"showFog":true,"showMaterialUpdate":false,"showSkybox":false,"showFlares":true,"showImageEffects":true,"showParticleSystems":true},"in2DMode":false,"pivot":{"x":4.9500861167907719,"y":-0.26657378673553469,"z":0.56717848777771},"rotation":{"x":0.07729152590036392,"y":-0.3642460107803345,"z":-0.028746841475367547,"w":-0.9282337427139282},"size":3.2401092052459719,"orthographic":false}