{"cameraMode":{"drawMode":0,"name":"Shaded","section":"Shading Mode"},"sceneLighting":true,"audioPlay":false,"sceneViewState":{"showFog":true,"showMaterialUpdate":false,"showSkybox":true,"showFlares":true,"showImageEffects":true,"showParticleSystems":true},"in2DMode":false,"pivot":{"x":2.173938751220703,"y":1.5184502601623536,"z":-3.875336170196533},"rotation":{"x":0.12562943994998933,"y":0.342077374458313,"z":-0.04853536933660507,"w":0.9305344820022583},"size":0.850390613079071,"orthographic":false}