{"cameraMode":{"drawMode":0,"name":"Shaded","section":"Shading Mode"},"sceneLighting":false,"audioPlay":false,"sceneViewState":{"showFog":true,"showMaterialUpdate":false,"showSkybox":false,"showFlares":true,"showImageEffects":true,"showParticleSystems":true},"in2DMode":false,"pivot":{"x":4.214251518249512,"y":3.1569249629974367,"z":0.9615183472633362},"rotation":{"x":-0.1869516372680664,"y":0.7170889973640442,"z":-0.2006324678659439,"w":-0.6421282887458801},"size":0.00005715767838410102,"orthographic":false}