{"cameraMode":{"drawMode":0,"name":"Shaded","section":"Shading Mode"},"sceneLighting":false,"audioPlay":false,"sceneViewState":{"showFog":true,"showMaterialUpdate":false,"showSkybox":false,"showFlares":true,"showImageEffects":true,"showParticleSystems":true},"in2DMode":false,"pivot":{"x":6.554834365844727,"y":-0.3746606707572937,"z":-4.3906941413879398},"rotation":{"x":0.014044961892068386,"y":0.9782206416130066,"z":-0.07055338472127915,"w":0.19473333656787873},"size":6.630953788757324,"orthographic":false}