{"cameraMode":{"drawMode":0,"name":"Shaded","section":"Shading Mode"},"sceneLighting":false,"audioPlay":false,"sceneViewState":{"showFog":true,"showMaterialUpdate":false,"showSkybox":false,"showFlares":true,"showImageEffects":true,"showParticleSystems":true},"in2DMode":false,"pivot":{"x":59.66263961791992,"y":9.101866722106934,"z":-23.96879768371582},"rotation":{"x":-0.01876128651201725,"y":-0.7622966766357422,"z":-0.025459924712777139,"w":0.6482568979263306},"size":27.505727767944337,"orthographic":false}