{"cameraMode":{"drawMode":0,"name":"Shaded","section":"Shading Mode"},"sceneLighting":true,"audioPlay":false,"sceneViewState":{"showFog":true,"showMaterialUpdate":false,"showSkybox":true,"showFlares":true,"showImageEffects":true,"showParticleSystems":true},"in2DMode":false,"pivot":{"x":-44.68462371826172,"y":12.293035507202149,"z":18.679447174072267},"rotation":{"x":0.003044793149456382,"y":0.9570314288139343,"z":0.017925821244716646,"w":-0.29288941621780398},"size":23.858558654785158,"orthographic":false}