{"cameraMode":{"drawMode":0,"name":"Shaded","section":"Shading Mode"},"sceneLighting":true,"audioPlay":false,"sceneViewState":{"showFog":true,"showMaterialUpdate":false,"showSkybox":true,"showFlares":true,"showImageEffects":true,"showParticleSystems":true},"in2DMode":false,"pivot":{"x":6.635655879974365,"y":0.34719160199165347,"z":-1.8276076316833497},"rotation":{"x":-0.15066251158714295,"y":0.6946319341659546,"z":-0.15244388580322267,"w":-0.6867464780807495},"size":5.090242862701416,"orthographic":false}