{"cameraMode":{"drawMode":0,"name":"Shaded","section":"Shading Mode"},"sceneLighting":false,"audioPlay":false,"sceneViewState":{"showFog":true,"showMaterialUpdate":false,"showSkybox":false,"showFlares":true,"showImageEffects":true,"showParticleSystems":true},"in2DMode":false,"pivot":{"x":10.338191986083985,"y":1.9440116882324219,"z":6.390012741088867},"rotation":{"x":-0.08057243376970291,"y":-0.1969497948884964,"z":0.01753413677215576,"w":-0.9774641394615173},"size":1.7830266952514649,"orthographic":false}