{"cameraMode":{"drawMode":0,"name":"Shaded","section":"Shading Mode"},"sceneLighting":false,"audioPlay":false,"sceneViewState":{"showFog":true,"showMaterialUpdate":false,"showSkybox":false,"showFlares":true,"showImageEffects":true,"showParticleSystems":true},"in2DMode":false,"pivot":{"x":2.485999584197998,"y":0.6905401349067688,"z":3.275683879852295},"rotation":{"x":0.023577773943543435,"y":-0.9549588561058044,"z":0.06962786614894867,"w":0.28931719064712527},"size":0.000057157682022079825,"orthographic":false}