{"cameraMode":{"drawMode":0,"name":"Shaded","section":"Shading Mode"},"sceneLighting":false,"audioPlay":false,"sceneViewState":{"showFog":true,"showMaterialUpdate":false,"showSkybox":false,"showFlares":true,"showImageEffects":true,"showParticleSystems":true},"in2DMode":false,"pivot":{"x":178.87388610839845,"y":143.50189208984376,"z":88.44971466064453},"rotation":{"x":0.14721424877643586,"y":0.41014331579208376,"z":-0.07131605595350266,"w":0.899061381816864},"size":20.231496810913087,"orthographic":false}