{"cameraMode":{"drawMode":0,"name":"Shaded","section":"Shading Mode"},"sceneLighting":true,"audioPlay":false,"sceneViewState":{"showFog":true,"showMaterialUpdate":false,"showSkybox":false,"showFlares":true,"showImageEffects":true,"showParticleSystems":true},"in2DMode":false,"pivot":{"x":0.7226348519325256,"y":-0.26141875982284548,"z":-13.424565315246582},"rotation":{"x":-0.11363535374403,"y":-0.6258166432380676,"z":0.09488286077976227,"w":-0.7664658427238464},"size":0.850390613079071,"orthographic":false}