{"cameraMode":{"drawMode":0,"name":"Shaded","section":"Shading Mode"},"sceneLighting":false,"audioPlay":false,"sceneViewState":{"showFog":true,"showMaterialUpdate":false,"showSkybox":false,"showFlares":true,"showImageEffects":true,"showParticleSystems":true},"in2DMode":false,"pivot":{"x":-18.903207778930665,"y":9.972740173339844,"z":28.142589569091798},"rotation":{"x":-0.12911668419837953,"y":0.7625452876091003,"z":-0.15826401114463807,"w":-0.6154996752738953},"size":3.5715255737304689,"orthographic":false}