{"cameraMode":{"drawMode":0,"name":"Shaded","section":"Shading Mode"},"sceneLighting":false,"audioPlay":false,"sceneViewState":{"showFog":true,"showMaterialUpdate":false,"showSkybox":false,"showFlares":true,"showImageEffects":true,"showParticleSystems":true},"in2DMode":false,"pivot":{"x":8.474275588989258,"y":-1.8634709119796754,"z":15.008370399475098},"rotation":{"x":0.19714181125164033,"y":0.39613014459609988,"z":-0.08465645462274552,"w":0.8939918875694275},"size":4.605286121368408,"orthographic":false}